id_produto,nome_produto,categoria,preco,fornecedor,peso_kg,estoque_disponivel,avaliacao_interna,ativo,data_cadastro_produto
PROD-0001,Smartphone 128GB,Eletronicos,2504.00,Shenzhen Connect Brasil,2.99,429,null,Nao,2024-04-10
PROD-0002,Smartphone 64GB,null,1906.00,Global Electronics Ltda,4.46,407,null,S,2018-07-23
PROD-0003,Smartphone 256GB,Eletronicos,3955.00,Global Electronics Ltda,0.83,29,null,Sim,2025-11-07
PROD-0004,Notebook Intel Core i5,Eletronicos,3359.00,Shenzhen Connect Brasil,null,217,null,Sim,2020-12-21
PROD-0005,Notebook Intel Core i7,Eletronicos,"R$ 3364,00",TechBrasil Distribuidora,3.77,271,null,1,2018-12-02
PROD-0006,Notebook Intel Core i3,Eletronicos,1631.00,Alpha Tech Importados,4.01,3,null,sim,2019-03-16
PROD-0007,Smart TV 50 Polegadas,Eletronicos,2319.00,Shenzhen Connect Brasil,1.63,459,null,S ,2018-09-16
PROD-0008,Smart TV 43 Polegadas,Eletronicos,1486.00,TechBrasil Distribuidora,1.95,0,null, N,2024-10-27
PROD-0009,Smart TV 55 Polegadas,Eletronicos,"R$ 3746,00",Global Electronics Ltda,2.8,459,null,S ,2024-02-04
PROD-0010,Smart TV 32 Polegadas,Eletronicos,"R$ 1327,00",Global Electronics Ltda,3.38,71,null,1,2020-10-23
PROD-0011,Tablet 10 Polegadas,Eletronicos,682.00,Alpha Tech Importados,4.98,102,null,sim,2020-04-05
PROD-0012,Tablet 8 Polegadas,Eletronicos,583.00,TechBrasil Distribuidora,2.84,348,null,N,2022-10-11
PROD-0013,Fone de Ouvido Bluetooth,Eletronicos,null,TechBrasil Distribuidora,0.84,90,null,S ,2025-11-08
PROD-0014,Fone de Ouvido com Fio,Eletronicos,90.00,Shenzhen Connect Brasil,1.42,388,null,S ,2024-03-26
PROD-0015,Headset Gamer,Eletronicos,359.00,Shenzhen Connect Brasil,1.35,274,null,SIM,2020-07-11
PROD-0016,Caixa de Som Bluetooth,Eletronicos,"R$ 534,00",Shenzhen Connect Brasil,4.2,37,null,sim,2022-10-14
PROD-0017,Caixa de Som Portátil,Eletronicos,110.00,Shenzhen Connect Brasil,2.29,422,null,SIM,2025-05-03
PROD-0018,Barra de Som,Eletronicos,1466.00,Alpha Tech Importados,1.92,262,null,S,2025-02-18
PROD-0019,Câmera Fotográfica Digital,Eletronicos,1509.00,Alpha Tech Importados,null,498,null,sim,2023-06-06
PROD-0020,Câmera de Segurança Wi-Fi,Eletronicos,494.00,Shenzhen Connect Brasil,2.95,152,null,S ,2023-08-06
PROD-0021,Projetor Full HD,Eletronicos,3607.00,Shenzhen Connect Brasil,1.32,null,null,1,2023-06-30
PROD-0022,Monitor 24 Polegadas,elet,1676.00,Shenzhen Connect Brasil,2.97,23,null,N,2022-04-13
PROD-0023,Monitor 27 Polegadas,Eletronicos, 2146.00,TechBrasil Distribuidora,4.95,49,null,1,2018-01-12
PROD-0024,Mouse Sem Fio,Eletronicos,325.00,Shenzhen Connect Brasil,3.49,348,null,N,2024-08-24
PROD-0025,Mouse Gamer,Eletronicos,254.00,Shenzhen Connect Brasil,3.13,29,null,S ,2025-06-27
PROD-0026,Teclado Mecânico,Eletronicos,501.00,TechBrasil Distribuidora,1.25,212,null,sim,2022-09-10
PROD-0027,Teclado sem Fio,Eletronicos,146.00,Shenzhen Connect Brasil,2.7,356,null,sim,2023-04-14
PROD-0028,Carregador Turbo,Eletronicos,163.00,Shenzhen Connect Brasil,2.48,388,null,SIM,2023-10-28
PROD-0029,Carregador Sem Fio,ELET,245.00,Global Electronics Ltda,0.32,81,null,S ,2022-09-27
PROD-0030,Película de Vidro,Eletronicos,52.00,Shenzhen Connect Brasil,2.66,null,null,N,2024-01-10
PROD-0031,Capinha de Celular,Eletronicos,80.00,Shenzhen Connect Brasil,0.34,90,null,0,2018-07-05
PROD-0032,Headset Bluetooth,Eletronicos,0,Alpha Tech Importados,2.21,71,null,1,2026-02-20
PROD-0033,HD Externo 1TB,Eletronicos, 369.00,Alpha Tech Importados,3.08,31,null,SIM,2022-11-19
PROD-0034,HD Externo 2TB,Eletronicos,806.00,Shenzhen Connect Brasil,4.5,307,null,SIM,2019-01-31
PROD-0035,Pen Drive 64GB,Eletronicos,147.00,Shenzhen Connect Brasil,2.58,353,null,S,2023-12-23
PROD-0036,Pen Drive 128GB,Eletronicos,151.00,Global Electronics Ltda,3.38,3,null,S ,2018-08-27
PROD-0037,Webcam Full HD,Eletronicos,252.00,Shenzhen Connect Brasil,0.33,387,null,S ,2021-03-07
PROD-0038,Impressora Multifuncional,null,1176.00,TechBrasil Distribuidora,0.68,0,null,NAO,2025-03-19
PROD-0039,Roteador Wi-Fi,Eletronicos,254.00,Shenzhen Connect Brasil,3.73,396,null,SIM,2020-09-07
PROD-0040,Drone com Câmera,eletronicos,2588.00,Shenzhen Connect Brasil,2.45,262,null,NAO,2022-01-27
PROD-0041,Console de Videogame,Eletronicos,4154.00,TechBrasil Distribuidora,4.74,247,null,sim,2020-10-31
PROD-0042,Controle Sem Fio,null,313.00,TechBrasil Distribuidora,0.54,35,null,S ,2024-12-23
PROD-0043,Aspirador Robô,Eletrônico, 1549.00,Alpha Tech Importados,4.67,null,null,1,2021-09-12
PROD-0044,Suporte para Notebook,null,153.00,Alpha Tech Importados,2.62,48,null,sim,2021-12-08
PROD-0045,Hub USB 7 Portas,Eletronicos,0,Shenzhen Connect Brasil,3.49,177,null,Sim,2019-02-21
PROD-0046,Adaptador HDMI,Eletronicos,112.00,Shenzhen Connect Brasil,4.49,66,null,1,2021-11-19
PROD-0047,Cabo USB-C 2m,null,59.00,TechBrasil Distribuidora,4.24,186,null,S ,2021-09-17
PROD-0048,Bateria Portátil 20000mAh,Eletronicos,0,Shenzhen Connect Brasil,0.75,493,null,S,2024-03-18
PROD-0049,Notebook Gamer,Eletronicos, 4182.00,Alpha Tech Importados,1.05,177,null,sim,2021-09-30
PROD-0050,Smart Watch,Eletronicos,1018.00,Alpha Tech Importados,3.18,443,null,NAO,2022-05-31
PROD-0051,Smartband Fitness,Eletronicos,504.00,Global Electronics Ltda,1.49,394,null,N,2023-04-23
PROD-0052,Impressora Térmica,ELETRONICOS,0,TechBrasil Distribuidora,2.76,384,null,S,2023-06-12
PROD-0053,SSD Externo 480GB,Eletronicos,310.00,Shenzhen Connect Brasil,3.78,203,null,S ,2021-02-16
PROD-0054,Microfone USB Condensador,Eletronicos,401.00,TechBrasil Distribuidora,2.14,25,null,1,2025-09-20
PROD-0055,Estabilizador 1000VA,Eletronicos,349.00,Shenzhen Connect Brasil,4.86,85,null,SIM,2019-08-28
PROD-0056,Nobreak 1000VA,Eletronicos,518.00,Shenzhen Connect Brasil,0.47,275,null,NAO,2025-07-02
PROD-0057,Switch HDMI 4K,Eletronicos,200.00,Alpha Tech Importados,3.42,307,null,SIM,2022-08-30
PROD-0058,Suporte para Monitor,Eletronicos,124.00,Shenzhen Connect Brasil,4.99,176,null,sim,2023-08-16
PROD-0059,Mesa Digitalizadora,eletronicos,479.00,Shenzhen Connect Brasil,1.42,34,null,1,2019-01-27
PROD-0060,Placa de Captura HDMI,Eletronicos,450.00,TechBrasil Distribuidora,2.13,55,null,S ,2019-02-12
PROD-0061,Leitor Código de Barras,Eletronicos,344.00,TechBrasil Distribuidora,3.16,128,null,sim,2018-10-09
PROD-0062,Impressora Fotográfica,Eletronicos,784.00,TechBrasil Distribuidora,3.18,264,null,N,2023-11-16
PROD-0063,Caixinha de Som Mini,Eletronicos,0,Global Electronics Ltda,4.06,4,null,S,2024-10-16
PROD-0064,Camiseta Masculina Algodão,Vestuario,55.00,TextilBrasil Distribuidora,0.8,29,null,1,2018-06-30
PROD-0065,Camiseta Feminina Algodão,null,65.00,Fashion Import Ltda,null,429,null,S ,2025-07-14
PROD-0066,Camiseta Polo Masculina,Vestuario,102.00,TextilBrasil Distribuidora,0.45,66,null,nao,2022-08-07
PROD-0067,Camiseta Polo Feminina,Vestuario,147.00,TextilBrasil Distribuidora,1.89,197,null,1,2024-06-25
PROD-0068,Calça Jeans Masculina,Vestuario,205.00,Confecções do Sul,1.49,258,null,Sim,2018-10-14
PROD-0069,Calça Jeans Feminina,Vestuario,181.00,Moda Brasil Atacado,1.65,null,null,1,2025-01-04
PROD-0070,Calça Social Masculina,Vestuario,164.00,Moda Brasil Atacado,1.66,78,null,sim,2020-10-22
PROD-0071,Vestido Floral,Vestuario,234.00,Confecções do Sul,0.93,219,null,1,2022-06-29
PROD-0072,Vestido Longo,Vestuario,228.00,TextilBrasil Distribuidora,0.92,22,null,sim,2025-04-17
PROD-0073,Moletom com Capuz,vestu,0,Confecções do Sul,null,458,null,SIM,2022-07-01
PROD-0074,Jaqueta Corta Vento,Vestuario, 394.00,Fashion Import Ltda,0.4,188,null,S,2022-04-13
PROD-0075,Jaqueta de Couro,Vestuarios,null,Fashion Import Ltda,1.77,17,null,S,2019-11-27
PROD-0076,Jaqueta Impermeável,Vestuario,367.00,Moda Brasil Atacado,0.47,138,null,1,2022-11-03
PROD-0077,Jaqueta Jeans,vestuario,114.00,Moda Brasil Atacado,1.7,187,null,N,2025-06-27
PROD-0078,Tênis Casual Masculino,Vestuario,452.00,Confecções do Sul,1.14,302,null,S,2021-09-17
PROD-0079,Tênis Casual Feminino,Vestuario, 495.00,Confecções do Sul,1.87,null,null,SIM,2022-01-28
PROD-0080,Tênis Esportivo,Vestuario,440.00,Moda Brasil Atacado,1.3,459,null,S ,2022-12-19
PROD-0081,Tênis de Corrida,VESTUARIO,157.00,Moda Brasil Atacado,0.29,150,null,sim,2023-07-17
PROD-0082,Meia Esportiva Kit com 3,Vestuario,null,TextilBrasil Distribuidora,1.06,497,null,Sim,2018-04-09
PROD-0083,Cueca Kit com 3,Vestuario,115.00,Moda Brasil Atacado,1.86,386,null,sim,2025-06-02
PROD-0084,Sutiã Conforto,Vestuario,117.00,TextilBrasil Distribuidora,0.93,472,null,sim,2019-08-04
PROD-0085,Shorts Academia,Vestuario, 42.00,Moda Brasil Atacado,1.14,189,null,sim,2023-09-01
PROD-0086,Legging Feminina,Vestuario,73.00,Confecções do Sul,1.73,3,null,Sim,2021-09-21
PROD-0087,Bermuda Masculina,null, 75.00,Fashion Import Ltda,1.68,207,null,Sim,2021-05-05
PROD-0088,Casaco de Inverno,Vestuario,447.00,Moda Brasil Atacado,1.04,78,null,SIM,2024-09-19
PROD-0089,Blusa de Frio,Vestuario,235.00,Moda Brasil Atacado,1.76,4,null,sim,2019-12-18
PROD-0090,Pijama Adulto,Vestuario,174.00,TextilBrasil Distribuidora,0.25,380,null, N,2023-07-31
PROD-0091,Mochila Escolar,Vestuario,323.00,Confecções do Sul,1.72,457,null,SIM,2025-03-26
PROD-0092,Mochila Executiva,Vestuario,386.00,Fashion Import Ltda,1.75,346,null,N,2020-08-27
PROD-0093,Bolsa Feminina,Vestuario,199.00,Moda Brasil Atacado,0.54,21,null,SIM,2022-12-13
PROD-0094,Carteira Masculina,vest, 168.00,Fashion Import Ltda,1.29,170,null,sim,2019-12-02
PROD-0095,Cinto de Couro,Vestuario,51.00,Moda Brasil Atacado,1.83,224,null,S ,2024-10-08
PROD-0096,Boné Aba Curva,Vestuario,57.00,Moda Brasil Atacado,1.09,139,null,1,2019-08-08
PROD-0097,Chapéu de Palha,Vestuario,75.00,Confecções do Sul,1.05,null,null,S,2024-12-14
PROD-0098,Luvas de Inverno,Vestuario,98.00,Confecções do Sul,1.46,88,null,1,2023-08-19
PROD-0099,Cachecol de Lã,Vestuario,79.00,Moda Brasil Atacado,1.85,399,null,0,2024-10-14
PROD-0100,Chinelo Masculino,null,"R$ 59,00",Confecções do Sul,0.54,267,null,NAO,2023-08-17
PROD-0101,Chinelo Feminino,VESTUARIO,70.00,TextilBrasil Distribuidora,0.92,166,null,nao,2024-12-30
PROD-0102,Sandália Feminina,Vestuario,249.00,Confecções do Sul,0.54,14,null,1,2022-11-09
PROD-0103,Sapato Social Masculino,VESTUARIO,306.00,Moda Brasil Atacado,1.61,63,null,S ,2021-02-13
PROD-0104,Óculos de Sol,vest,128.00,Fashion Import Ltda,1.21,180,null,0,2021-09-06
PROD-0105,Regata Masculina,Vestuario,-100,Moda Brasil Atacado,1.8,13,null,1,2020-07-20
PROD-0106,Regata Feminina,Vestuario,47.00,Moda Brasil Atacado,0.79,453,null,Nao,2024-12-12
PROD-0107,Calça Moletom,Vestuario,116.00,Moda Brasil Atacado,0.23,68,null,N,2022-09-08
PROD-0108,Camisa Social Masculina,Vestuario,298.00,TextilBrasil Distribuidora,1.52,231,null,sim,2022-09-29
PROD-0109,Blusa de Seda Feminina,Vestuario,267.00,Moda Brasil Atacado,1.74,481,null,S,2024-11-24
PROD-0110,Top Esportivo,Vestuario,116.00,Moda Brasil Atacado,1.85,441,null, N,2020-06-19
PROD-0111,Camiseta Dry Fit,Vestuario,"90,00",TextilBrasil Distribuidora,0.91,319,null,SIM,2025-12-13
PROD-0112,Conjunto Esportivo,Vestuario,null,Fashion Import Ltda,0.46,182,null,S ,2022-05-29
PROD-0113,Meia-calça Feminina,Vestuario,27.00,Fashion Import Ltda,0.51,133,null,N,2022-03-18
PROD-0114,Roupa de Banho Masculina,Vestuario,63.00,Confecções do Sul,0.22,266,null,Sim,2021-09-03
PROD-0115,Biquíni,Vestuario,197.00,Confecções do Sul,0.41,90,null,SIM,2018-03-23
PROD-0116,Bermuda de Ciclismo,Vestuario,184.00,Moda Brasil Atacado,0.96,20,null,Sim,2018-09-28
PROD-0117,Camiseta Ciclismo,VEST,187.00,Confecções do Sul,0.19,111,null,sim,2020-04-23
PROD-0118,Kit Pijama Casal,Vestuarios,302.00,Confecções do Sul,null,111,null,0,2026-03-13
PROD-0119,Roupão de Banho,null,193.00,Confecções do Sul,1.07,156,null,Nao,2019-03-15
PROD-0120,Camisola Feminina,Vestuario,115.00,Confecções do Sul,1.31,476,null,0,2018-08-21
PROD-0121,Suéter Masculino,vestuario,222.00,Moda Brasil Atacado,1.48,232,null,Sim,2018-12-12
PROD-0122,Blusa de Tricô,Vestuario,157.00,Moda Brasil Atacado,1.48,45,null,sim,2019-12-06
PROD-0123,Colete Masculino,Vestuario,117.00,Moda Brasil Atacado,1.01,171,null,S,2020-11-01
PROD-0124,Gravata,Vestuario,58.00,TextilBrasil Distribuidora,1.35,65,null,1,2018-06-19
PROD-0125,Suspensório,Vestuario,66.00,TextilBrasil Distribuidora,1.36,28,null,S ,2018-07-15
PROD-0126,Conjunto de Panelas 5 Peças,null,203.00,HomeBrasil Atacado,13.83,305,null,SIM,2022-04-22
PROD-0127,Conjunto de Panelas 3 Peças,Casa,400.00,Decor Import,5.81,446,null,1,2024-09-21
PROD-0128,Jogo de Lençol Casal,Casa,266.00,Utilidades do Lar Ltda,2.88,50,null,S ,2020-01-10
PROD-0129,Jogo de Lençol Solteiro,Cas4,102.00,Casa & Cia Distribuidora,2.55,293,null,sim,2021-02-09
PROD-0130,Edredom Casal,Casa,374.00,Casa & Cia Distribuidora,13.89,75,null,S,2018-11-30
PROD-0131,Edredom Solteiro,Casa,111.00,Utilidades do Lar Ltda,13.9,218,null,sim,2021-03-23
PROD-0132,Travesseiro Viscoelástico,Casa,174.00,Decor Import,5.81,19,null,sim,2024-01-03
PROD-0133,Travesseiro de Pluma,Casa,198.00,Decor Import,11.71,0,null, N,2022-08-10
PROD-0134,Cobertor Casal,Casa,0,Decor Import,14.01,null,null,SIM,2023-06-26
PROD-0135,Toalha de Banho,Casa,37.00,Casa & Cia Distribuidora,8.61,197,null,sim,2025-09-03
PROD-0136,Jogo de Toalhas 4 Peças,Casa,258.00,Decor Import,12.35,204,null, N,2020-10-31
PROD-0137,Tapete Sala 2x3m,Casa,267.00,Casa & Cia Distribuidora,1.64,null,null,SIM,2025-10-01
PROD-0138,Tapete Banheiro,Casa,43.00,Casa & Cia Distribuidora,13.12,null,null, N,2021-09-02
PROD-0139,Almofada Decorativa,Casa,114.00,Utilidades do Lar Ltda,6.28,193,null,S ,2018-02-06
PROD-0140,Kit de Almofadas 4 Peças,Casa, 183.00,Casa & Cia Distribuidora,9.95,251,null,S ,2018-06-21
PROD-0141,Luminária de Mesa,Casa,188.00,Decor Import,7.2,96,null,nao,2023-10-24
PROD-0142,Luminária de Piso,Casa,468.00,Casa & Cia Distribuidora,0.6,14,null,NAO,2022-03-28
PROD-0143,Porta Retratos,Casa,null,HomeBrasil Atacado,4.73,157,null,NAO,2021-07-24
PROD-0144,Vaso Decorativo,cas@,155.00,Decor Import,5.22,323,null,1,2023-12-17
PROD-0145,Organizador de Gaveta,CASA,91.00,Utilidades do Lar Ltda,8.16,69,null,NAO,2025-07-19
PROD-0146,Cabide de Parede,Casa,64.00,Decor Import,8.68,48,null,nao,2025-05-03
PROD-0147,Cortina Blackout 2 Peças,Casa,178.00,Decor Import,10.92,null,null,1,2019-01-30
PROD-0148,Persiana Horizontal,Casa,181.00,Decor Import,12.85,36,null,1,2019-02-01
PROD-0149,Jogo de Banheiro 3 Peças,casa,94.00,Casa & Cia Distribuidora,10.13,327,null,S,2021-01-08
PROD-0150,Espelho de Parede,Casa,168.00,Casa & Cia Distribuidora,3.15,91,null,N,2022-09-03
PROD-0151,Porta Temperos,Casa,79.00,Utilidades do Lar Ltda,1.62,84,null,SIM,2020-05-27
PROD-0152,Tábua de Corte Bambu,null,31.00,Casa & Cia Distribuidora,1.53,329,null,nao,2024-10-14
PROD-0153,Conjunto de Potes Herméticos,Casa,90.00,HomeBrasil Atacado,12.35,107,null,NAO,2020-03-23
PROD-0154,Chaleira Elétrica,Casa,"R$ 206,00",HomeBrasil Atacado,7.79,0,null, N,2025-10-28
PROD-0155,Fritadeira Air Fryer 4L,Casa,258.00,Casa & Cia Distribuidora,2.43,310,null,1,2025-02-07
PROD-0156,Liquidificador 700W,cas@,161.00,Utilidades do Lar Ltda,4.61,107,null,N,2022-04-03
PROD-0157,Batedeira Planetária,Casa,569.00,Utilidades do Lar Ltda,13.03,32,null,0,2021-03-05
PROD-0158,Panela de Pressão Elétrica,cas,null,Casa & Cia Distribuidora,12.31,125,null,N,2024-06-24
PROD-0159,Micro-ondas 20L,null,494.00,HomeBrasil Atacado,1.07,448,null,S,2023-07-02
PROD-0160,Torradeira 2 Fatias,Casa,129.00,Casa & Cia Distribuidora,13.88,341,null,Sim,2019-07-13
PROD-0161,Cafeteira Expresso,Casa,254.00,Decor Import,5.26,498,null,1,2018-07-11
PROD-0162,Ferro de Passar a Vapor,Cas4,-100,Utilidades do Lar Ltda,null,426,null,sim,2025-08-25
PROD-0163,Aspirador de Pó Vertical,Casa,354.00,Decor Import,6.68,276,null,Nao,2022-09-25
PROD-0164,Ventilador de Mesa,Casa,149.00,HomeBrasil Atacado,7.81,152,null,Sim,2019-12-18
PROD-0165,Purificador de Ar,cas,485.00,Casa & Cia Distribuidora,9.38,329,null,SIM,2020-08-19
PROD-0166,Umidificador de Ar,Casa,0,Decor Import,5.56,33,null,sim,2019-12-12
PROD-0167,Desumidificador,Casa,0,Decor Import,3.65,365,null,S ,2023-02-16
PROD-0168,Lixeira com Pedal,Casa,123.00,Utilidades do Lar Ltda,11.88,0,null,Sim,2018-03-13
PROD-0169,Escorredor de Louças,Casa,87.00,HomeBrasil Atacado,4.51,409,null,SIM,2022-04-08
PROD-0170,Fruteira 3 Andares,Casa,69.00,Utilidades do Lar Ltda,8.03,168,null,S ,2019-03-22
PROD-0171,Kit Suporte Banheiro,Casa,92.00,Utilidades do Lar Ltda,13.62,18,null,SIM,2018-06-11
PROD-0172,Cesto de Roupa Suja,CASA,null,Utilidades do Lar Ltda,5.44,85,null,sim,2020-12-25
PROD-0173,Cabideiro de Chão,Casa,133.00,Utilidades do Lar Ltda,6.28,142,null,S,2024-07-23
PROD-0174,Espremedor de Frutas,cas@,162.00,Utilidades do Lar Ltda,8.89,69,null,SIM,2023-02-01
PROD-0175,Multiprocessador,null,"183,00",Utilidades do Lar Ltda,10.83,169,null,Sim,2026-01-26
PROD-0176,Vela Perfumada,Casa,68.00,Casa & Cia Distribuidora,0.53,443,null,Nao,2018-04-27
PROD-0177,Conjunto de Toalhas 4 Peças,Casa,205.00,HomeBrasil Atacado,7.36,0,null,Nao,2024-06-23
PROD-0178,Kit Organização Cozinha,Casa,181.00,Casa & Cia Distribuidora,12.53,0,null,SIM,2020-02-03
PROD-0179,Suporte para Livros,Casa,62.00,Decor Import,5.39,56,null, N,2023-11-18
PROD-0180,Relógio de Parede,Casa,99.00,Casa & Cia Distribuidora,4.46,null,null,sim,2025-08-20
PROD-0181,Porta Chaves Parede,Casa,48.00,HomeBrasil Atacado,12.87,329,null,S,2020-07-25
PROD-0182,Dispenser Sabonete Líquido,Casa,84.00,Casa & Cia Distribuidora,8,486,null,1,2019-02-18
PROD-0183,Saboneteira,cas@,21.00,Decor Import,0.53,219,null,S,2021-05-31
PROD-0184,Porta Papel Higiênico,Casa,35.00,HomeBrasil Atacado,11.02,175,null,SIM,2025-12-04
PROD-0185,Escova Sanitária,Casa,38.00,Casa & Cia Distribuidora,5.99,null,null,sim,2022-09-14
PROD-0186,Suporte para Secador,Casa,null,Utilidades do Lar Ltda,4.94,74,null,1,2024-05-20
PROD-0187,Espelho de Banheiro,Casa,95.00,Decor Import,8.21,17,null,N,2026-03-18
PROD-0188,Bicicleta Aro 29 Mountain Bike,Esportes, 813.00,Fitness Distribuidora,5.86,87,null,nao,2018-11-02
PROD-0189,Bicicleta Aro 26,Esportes,-100,Esporte Total Ltda,1.28,null,null,S ,2020-01-16
PROD-0190,Bicicleta Speed Aro 700,Esportes,735.00,Esporte Total Ltda,4.46,221,null,1,2025-09-21
PROD-0191,Halteres Par 10kg,null,239.00,SportsBrasil Atacado,8.21,295,null,1,2021-11-21
PROD-0192,Halteres Par 5kg,Esportes,51.00,Atlética Import Ltda,12.46,268,null,S ,2021-08-11
PROD-0193,Halteres Par 20kg,null, 264.00,SportsBrasil Atacado,1.43,451,null,Sim,2025-06-04
PROD-0194,Bola de Futebol Profissional,Esportes,129.00,SportsBrasil Atacado,7.81,138,null,sim,2018-09-10
PROD-0195,Bola de Basquete,Esportes,148.00,SportsBrasil Atacado,13.31,429,null,S,2021-06-15
PROD-0196,Bola de Vôlei,Esportes,-100,Atlética Import Ltda,3.78,65,null,1,2024-07-02
PROD-0197,Bola de Tênis Kit 3,Esportes,"R$ 36,00",Atlética Import Ltda,12.44,88,null,0,2025-04-17
PROD-0198,Raquete de Tênis,Esportes,258.00,Fitness Distribuidora,13.65,225,null,S ,2025-05-06
PROD-0199,Raquete de Beach Tennis,ESPORT,391.00,Atlética Import Ltda,7.11,321,null, N,2021-06-10
PROD-0200,Raquete de Badminton Kit 2,Esportes,117.00,SportsBrasil Atacado,4.12,1,null,Sim,2021-07-13
PROD-0201,Skate Completo,Esportes,440.00,Esporte Total Ltda,5.69,140,null,sim,2022-07-28
PROD-0202,Patins Quad,Esportes,346.00,SportsBrasil Atacado,14.38,52,null,sim,2019-06-19
PROD-0203,Patins Inline,null,302.00,Fitness Distribuidora,3.86,null,null,Nao,2018-03-24
PROD-0204,Barraca de Camping 4 Pessoas,Esportes,439.00,SportsBrasil Atacado,14.76,134,null,SIM,2020-04-17
PROD-0205,Barraca de Camping 2 Pessoas,Esportes,-100,Esporte Total Ltda,13.03,420,null,Nao,2024-09-03
PROD-0206,Colchão Inflável,Esporte,170.00,SportsBrasil Atacado,11.5,255,null,SIM,2018-12-22
PROD-0207,Mochila de Trilha 40L,Esportes,563.00,SportsBrasil Atacado,4.11,27,null,sim,2023-03-04
PROD-0208,Mochila de Trilha 20L,esport,231.00,SportsBrasil Atacado,4.92,197,null,nao,2023-08-19
PROD-0209,Garrafa Térmica 1L,Esportes,94.00,SportsBrasil Atacado,10.43,12,null,SIM,2019-07-03
PROD-0210,Cantil Esportivo 750ml,Esportes,57.00,Atlética Import Ltda,null,159,null, N,2022-08-10
PROD-0211,Luvas de Boxe,Esportes,"R$ 169,00",SportsBrasil Atacado,0.83,329,null,sim,2021-12-16
PROD-0212,Saco de Pancadas,Esportes,374.00,Esporte Total Ltda,13.63,340,null,NAO,2022-08-11
PROD-0213,Tapete de Yoga,Esportes,141.00,Esporte Total Ltda,4.64,187,null,S,2023-01-19
PROD-0214,Bloco de Yoga,null,87.00,Atlética Import Ltda,8.53,151,null,Nao,2020-04-12
PROD-0215,Corda de Pular,Esportes,50.00,Esporte Total Ltda,9.69,55,null,S ,2019-04-23
PROD-0216,Capacete Ciclismo,Esportes,"R$ 140,00",SportsBrasil Atacado,0.46,409,null,SIM,2023-03-23
PROD-0217,Óculos de Natação,Esportes,141.00,SportsBrasil Atacado,3.17,72,null,1,2018-09-03
PROD-0218,Kettlebell 12kg,ESPORTES,"165,00",SportsBrasil Atacado,8.14,0,null,sim,2018-07-21
PROD-0219,Kettlebell 8kg,Esportes,209.00,Atlética Import Ltda,7.87,337,null,SIM,2023-05-06
PROD-0220,Barra de Musculação,Esportes,552.00,SportsBrasil Atacado,3.14,1,null,S ,2024-05-06
PROD-0221,Anilha 10kg Par,ESPORTES,193.00,Atlética Import Ltda,13.99,293,null,S,2024-11-02
PROD-0222,Colchonete Ginástica,Esportes,null,SportsBrasil Atacado,12.16,105,null,Nao,2018-02-02
PROD-0223,Elástico de Resistência Kit,Esportes,66.00,Fitness Distribuidora,3.97,351,null,Sim,2021-04-01
PROD-0224,Suporte para Bicicleta,Esportes,"R$ 100,00",Atlética Import Ltda,8.93,106,null,Sim,2022-06-19
PROD-0225,Elíptico Doméstico,Esportes,null,SportsBrasil Atacado,2.55,167,null,nao,2018-10-11
PROD-0226,Esteira Ergométrica,Esportes,0,Fitness Distribuidora,8.4,323,null,sim,2018-08-08
PROD-0227,Bicicleta Ergométrica,Esportes,842.00,SportsBrasil Atacado,13.31,425,null,S ,2021-04-09
PROD-0228,Luvas de Ciclismo,Esportes,66.00,Esporte Total Ltda,6.96,111,null,1,2020-09-01
PROD-0229,Joelheira Esportiva Par,Esportes, 70.00,Fitness Distribuidora,null,488,null,Sim,2020-01-10
PROD-0230,Cotoveleira Esportiva Par,Esportes,111.00,Fitness Distribuidora,14.5,75,null,Sim,2019-09-27
PROD-0231,Munhequeira Kit 2,esportes,53.00,Atlética Import Ltda,5.25,107,null,1,2020-01-26
PROD-0232,Meias de Compressão Par,Esportes,148.00,Atlética Import Ltda,4.62,496,null,S,2025-03-13
PROD-0233,Suporte Lombar Esportivo,Esportes,116.00,Esporte Total Ltda,3.5,375,null,Sim,2019-01-08
PROD-0234,Óculos de Ciclismo,Esportes, 187.00,Atlética Import Ltda,5.84,280,null,SIM,2020-05-07
PROD-0235,Camiseta Esportiva Masculina,esp,62.00,Esporte Total Ltda,7.99,492,null,S ,2020-05-16
PROD-0236,Camiseta Esportiva Feminina,3sportes,56.00,Atlética Import Ltda,4.34,24,null,Sim,2025-08-23
PROD-0237,Bota para Caminhada,Esportes,333.00,Fitness Distribuidora,0.49,300,null,Sim,2023-01-03
PROD-0238,Tênis de Natação,Esportes,83.00,Esporte Total Ltda,11.99,397,null,S ,2021-07-25
PROD-0239,Regata Esportiva Masculina,Esportes,43.00,Esporte Total Ltda,12.21,441,null,S ,2026-02-24
PROD-0240,Bermuda de Natação,Esportes,"130,00",SportsBrasil Atacado,null,173,null,SIM,2019-03-08
PROD-0241,Maiô Esportivo,Esportes,null,Atlética Import Ltda,6.3,146,null,S,2018-02-22
PROD-0242,Luvas de Musculação,Esportes,160.00,SportsBrasil Atacado,13.03,234,null,sim,2025-02-19
PROD-0243,Bola de Pilates 65cm,Esportes,157.00,Atlética Import Ltda,7.05,0,null,Sim,2019-06-22
PROD-0244,Rolo de Pilates,Esportes,76.00,SportsBrasil Atacado,2.5,34,null,0,2024-01-05
PROD-0245,Prancha de Surf,Esportes,805.00,SportsBrasil Atacado,11.94,80,null,S ,2019-05-19
PROD-0246,Body Board,Esportes,304.00,SportsBrasil Atacado,13.87,140,null,sim,2020-01-22
PROD-0247,Pé de Pato par,Esportes,125.00,Fitness Distribuidora,5.08,69,null,S,2019-06-13
PROD-0248,Rede de Vôlei,Esportes,0,Atlética Import Ltda,8.55,223,null,N,2021-05-03
PROD-0249,Trave de Futebol Infantil,Esportes,302.00,Atlética Import Ltda,6.27,187,null,Sim,2024-12-09
PROD-0250,Perfume Feminino 100ml,Beleza,229.00,Cosméticos do Brasil Ltda,0.44,280,null,1,2024-03-31
PROD-0251,Perfume Masculino 100ml,Beleza,148.00,Cosméticos do Brasil Ltda,0.7,210,null,1,2020-01-06
PROD-0252,Perfume Feminino 50ml,Beleza,130.00,Perfumes & Cia,0.85,439,null,sim,2021-12-24
PROD-0253,Perfume Masculino 50ml,bel,109.00,Perfumes & Cia,0.35,385,null,sim,2019-01-09
PROD-0254,Secador de Cabelo 2200W,Beleza,null,Perfumes & Cia,null,258,null,sim,2025-07-17
PROD-0255,Secador de Cabelo 1800W,Beleza,90.00,Perfumes & Cia,0.12,172,null,1,2025-07-23
PROD-0256,Chapinha Profissional,Beleza,303.00,Beleza Total Atacado,1.29,null,null,1,2021-12-18
PROD-0257,Modelador de Cachos,null, 120.00,Beauty Import Brasil,0.21,127,null,S,2024-07-26
PROD-0258,Máquina de Cortar Cabelo,Beleza,223.00,Beauty Import Brasil,0.31,63,null,S,2021-07-27
PROD-0259,Aparador de Pelos,beleza,104.00,Perfumes & Cia,0.31,487,null,sim,2023-04-18
PROD-0260,Kit Skincare Facial,Beleza,-100,Beauty Import Brasil,0.3,195,null,Sim,2020-05-14
PROD-0261,Protetor Solar FPS 70,Beleza,"57,00",Beauty Import Brasil,0.97,32,null,Sim,2022-08-11
PROD-0262,Protetor Solar FPS 30,Beleza,39.00,Perfumes & Cia,1.4,388,null,Nao,2020-10-20
PROD-0263,Creme Anti-idade,Beleza,0,Cosméticos do Brasil Ltda,1,null,null, N,2019-05-28
PROD-0264,Creme Hidratante Facial,Beleza,"R$ 62,00",Beauty Import Brasil,0.61,344,null, N,2022-03-22
PROD-0265,Shampoo Profissional 1L,Beleza,41.00,Beleza Total Atacado,0.85,354,null,Sim,2020-07-09
PROD-0266,Condicionador Profissional 1L,Beleza,59.00,Beauty Import Brasil,0.16,204,null,1,2024-05-14
PROD-0267,Máscara Capilar 500g,Beleza,141.00,Beleza Total Atacado,1.17,131,null,S ,2019-03-21
PROD-0268,Óleo Capilar 60ml,Beleza,61.00,Beauty Import Brasil,0.21,279,null,SIM,2025-12-21
PROD-0269,Escova de Cabelo Profissional,Beleza,null,Cosméticos do Brasil Ltda,1.47,139,null,S,2020-07-23
PROD-0270,Paleta de Sombras 18 Cores,Beleza,99.00,Beauty Import Brasil,null,463,null,S,2019-03-28
PROD-0271,Base Líquida,Beleza,-100,Beleza Total Atacado,0.25,433,null,S,2018-01-20
PROD-0272,Batom Matte,Beleza,35.00,Beleza Total Atacado,0.93,128,null,SIM,2019-06-24
PROD-0273,Batom Gloss,Beleza,27.00,Beauty Import Brasil,1.48,22,null,Sim,2019-10-16
PROD-0274,Sérum Vitamina C,Beleza,233.00,Perfumes & Cia,0.16,415,null,S ,2019-06-24
PROD-0275,Sérum Ácido Hialurônico,Beleza,186.00,Beauty Import Brasil,1.27,247,null,Nao,2024-04-11
PROD-0276,Desodorante Antitranspirante,Beleza,18.00,Perfumes & Cia,0.84,379,null,SIM,2024-12-21
PROD-0277,Loção Corporal Hidratante,Beleza,58.00,Beauty Import Brasil,0.76,97,null,S,2019-09-18
PROD-0278,Óleo Corporal,null,44.00,Beauty Import Brasil,0.78,338,null,Sim,2026-01-12
PROD-0279,Kit Manicure 10 Peças,bel,43.00,Cosméticos do Brasil Ltda,0.36,247,null,0,2025-03-07
PROD-0280,Esponja Mágica de Maquiagem,BELEZA,80.00,Perfumes & Cia,0.75,42,null,S,2023-12-24
PROD-0281,Removedor de Maquiagem,Beleza,46.00,Perfumes & Cia,0.83,466,null,NAO,2020-02-03
PROD-0282,Tônico Facial,Beleza,"R$ 149,00",Cosméticos do Brasil Ltda,1.19,308,null,Sim,2021-05-20
PROD-0283,Esfoliante Corporal,Beleza,48.00,Beauty Import Brasil,1.22,1,null,S,2023-07-18
PROD-0284,Sabonete Líquido 500ml,null,null,Cosméticos do Brasil Ltda,0.81,3,null,Sim,2018-06-06
PROD-0285,Gel de Limpeza Facial,Beleza,-100,Cosméticos do Brasil Ltda,null,98,null,Sim,2021-03-01
PROD-0286,Máscara Facial Argila,Beleza,58.00,Beleza Total Atacado,0.71,0,null,SIM,2023-08-15
PROD-0287,Pincel de Maquiagem Kit,BELEZA,"R$ 111,00",Perfumes & Cia,0.97,442,null,nao,2025-06-28
PROD-0288,Esmalte Kit 6 Cores,Beleza,0,Cosméticos do Brasil Ltda,0.84,50,null,1,2020-12-09
PROD-0289,Creme para as Mãos,null,null,Beauty Import Brasil,0.66,0,null,sim,2021-04-30
PROD-0290,Bálsamo Labial,Beleza,17.00,Perfumes & Cia,1.13,386,null,N,2020-08-03
PROD-0291,Spray Fixador de Maquiagem,Beleza,39.00,Beleza Total Atacado,1.13,356,null,1,2021-01-08
PROD-0292,Corretivo Líquido,Beleza,85.00,Beauty Import Brasil,1.47,370,null,S,2024-07-19
PROD-0293,Blush em Pó,Beleza,"R$ 42,00",Beauty Import Brasil,1.39,60,null,Sim,2018-01-30
PROD-0294,Iluminador Facial,Beleza,0,Beauty Import Brasil,0.27,22,null, N,2018-05-16
PROD-0295,Delineador Líquido,B3LEZA,44.00,Cosméticos do Brasil Ltda,1.41,474,null,Sim,2019-06-29
PROD-0296,Máscara de Cílios,Beleza,83.00,Beauty Import Brasil,0.17,176,null,S,2019-01-31
PROD-0297,Lápis de Sobrancelha,Beleza,52.00,Perfumes & Cia,1.26,482,null,NAO,2023-04-14
PROD-0298,Kit Hidratação Capilar,Beleza,51.00,Beleza Total Atacado,0.55,40,null,1,2023-09-28
PROD-0299,Escova Progressiva,Belz,243.00,Beleza Total Atacado,1.23,355,null,Nao,2025-01-19
PROD-0300,Kit Barba Completo,beleza,158.00,Beauty Import Brasil,0.83,0,null,Nao,2023-03-04
PROD-0301,Protetor Labial,Beleza,15.00,Beauty Import Brasil,0.77,292,null,nao,2023-09-24
PROD-0302,Shampoo Anticaspa 400ml,Beleza, 47.00,Beleza Total Atacado,1.2,246,null,Sim,2020-04-30
PROD-0303,Condicionador Hidratante 400ml,Beleza,50.00,Beauty Import Brasil,0.63,239,null,1,2022-07-25
PROD-0304,Creme de Barbear,Beleza,53.00,Cosméticos do Brasil Ltda,0.77,176,null,Nao,2021-01-06
PROD-0305,Pos-barba Hidratante,Beleza,80.00,Beleza Total Atacado,0.19,368,null,sim,2019-01-04
PROD-0306,Loção Pos-sol,Beleza,73.00,Beleza Total Atacado,0.26,279,null,S ,2023-02-13
PROD-0307,Autobronzeador,Beleza,"R$ 135,00",Perfumes & Cia,1.38,194,null,NAO,2019-12-05
PROD-0308,Creme de Depilação,bel,80.00,Beleza Total Atacado,1,427,null,Sim,2025-11-11
PROD-0309,Cera Depilatória,Beleza,45.00,Beauty Import Brasil,0.84,332,null,1,2018-07-23
PROD-0310,Kit Coloração Cabelo,Beleza,-100,Beauty Import Brasil,0.93,96,null,1,2023-03-02
PROD-0311,Tinta para Cabelo,Beleza,-100,Beauty Import Brasil,0.74,107,null,0,2020-03-06
PROD-0312,Pneu Aro 15,Automotivo,0,Peças & Cia Distribuidora,6.08,198,null,sim,2021-04-06
PROD-0313,Pneu Aro 14,Autom,432.00,Automotivo Import,5.01,null,null,SIM,2020-10-11
PROD-0314,Pneu Aro 16,Automotivo ,551.00,AutoPeças Brasil Ltda,13.17,232,null,SIM,2020-05-01
PROD-0315,Pneu Aro 17,Automotivo,556.00,AutoPeças Brasil Ltda,22.27,169,null, N,2022-11-12
PROD-0316,Bateria Automotiva 60Ah,Automotivo,516.00,Peças & Cia Distribuidora,18.18,411,null,1,2025-06-21
PROD-0317,Bateria Automotiva 45Ah,Automotivo,512.00,AutoPeças Brasil Ltda,8.16,483,null,SIM,2018-04-12
PROD-0318,Bateria Automotiva 80Ah,Automotivo,686.00,Peças & Cia Distribuidora,21.97,385,null,1,2020-04-02
PROD-0319,Oleo de Motor 5W30 4L,Automotivo,-100,AutoPeças Brasil Ltda,6.3,350,null,nao,2021-03-12
PROD-0320,Oleo de Motor 10W40 4L,Automotivo,170.00,AutoPeças Brasil Ltda,8.78,3,null,SIM,2021-07-16
PROD-0321,Oleo de Motor 0W20 4L,null,null,Peças & Cia Distribuidora,1.27,450,null,Sim,2023-12-24
PROD-0322,Central Multimidia 7 Polegadas,Automotivo,592.00,AutoPeças Brasil Ltda,21.65,165,null,S,2025-01-17
PROD-0323,Central Multimidia 9 Polegadas,Automotivo,904.00,AutoPeças Brasil Ltda,17.78,4,null,sim,2026-01-16
PROD-0324,Capa para Banco Dianteiro Par,automotiv3,165.00,Automotivo Import,22.5,133,null,1,2020-01-20
PROD-0325,Capa para Banco Traseiro,automotiv3,297.00,AutoPeças Brasil Ltda,14.09,238,null,1,2024-04-14
PROD-0326,Tapete Automotivo 4 Pecas,Automotivo,161.00,AutoPeças Brasil Ltda,12.8,131,null,Sim,2026-02-23
PROD-0327,Tapete Automotivo Personalizado,Automotivo,291.00,Peças & Cia Distribuidora,22.15,166,null,SIM,2019-01-04
PROD-0328,Suporte Veicular Celular,Automotivo,66.00,AutoPeças Brasil Ltda,23.16,198,null,S ,2022-01-30
PROD-0329,Camera de Re,Automotivo,"R$ 124,00",AutoPeças Brasil Ltda,11.96,410,null,Sim,2022-03-28
PROD-0330,Camera Frontal,automotivo,-100,Peças & Cia Distribuidora,8.53,299,null,1,2018-02-09
PROD-0331,Alarme Automotivo Completo,Automotivo,544.00,AutoPeças Brasil Ltda,10.89,85,null,Sim,2021-12-07
PROD-0332,Pelicula Automotiva Solar,Automotivo,192.00,AutoPeças Brasil Ltda,1.22,146,null,Nao,2023-10-02
PROD-0333,Extintor de Incendio Veicular,Automotivo,137.00,Peças & Cia Distribuidora,9.3,457,null,SIM,2018-10-06
PROD-0334,Chave de Roda,Automotivo,38.00,AutoPeças Brasil Ltda,11.98,227,null,Sim,2024-12-26
PROD-0335,Caixa de Som Automotiva,Automotivo,240.00,AutoPeças Brasil Ltda,19.77,91,null,0,2025-02-22
PROD-0336,Lampada LED Automotiva H4,Automotivo,81.00,Automotivo Import,21.65,172,null,S,2023-06-22
PROD-0337,Carregador Veicular USB,Automotivo,118.00,Peças & Cia Distribuidora,16.34,186,null,Sim,2024-08-26
PROD-0338,Aspirador Veicular 12V,Automotivo,221.00,Automotivo Import,21.21,296,null,S ,2022-02-09
PROD-0339,Para-brisa Defletor,Automotivo,242.00,Peças & Cia Distribuidora,13.54,317,null,SIM,2021-10-06
PROD-0340,Capa de Chuva para Carro,Automotivo,248.00,Automotivo Import,21.9,479,null, N,2018-09-23
PROD-0341,Triangulo de Sinalizacao,Automotivo,67.00,Peças & Cia Distribuidora,7.91,89,null,Sim,2020-09-07
PROD-0342,Cabo de Ligacao Veicular,Automotivo,-100,AutoPeças Brasil Ltda,24.08,340,null,Sim,2019-08-03
PROD-0343,GPS Veicular,Automotivo,210.00,AutoPeças Brasil Ltda,23.16,16,null,S,2022-11-04
PROD-0344,Retrovisor com Monitor,Automotivo, 276.00,Peças & Cia Distribuidora,12.77,461,null,sim,2023-01-08
PROD-0345,Sensor de Estacionamento,Automotivo,173.00,AutoPeças Brasil Ltda,null,39,null,NAO,2022-03-23
PROD-0346,Volante Esportivo,Automotivo,307.00,Automotivo Import,22.97,38,null,Nao,2026-01-10
PROD-0347,Pedal Esportivo Kit,Automotivo,193.00,AutoPeças Brasil Ltda,0.75,484,null,SIM,2025-12-29
PROD-0348,Capa de Volante,Automotivo,33.00,Automotivo Import,20.86,280,null,1,2024-03-14
PROD-0349,Organizador de Porta Malas,Autom,190.00,Automotivo Import,24.75,345,null,1,2021-11-01
PROD-0350,Bomba de Ar Compressor 12V,aut,-100,AutoPeças Brasil Ltda,19.2,131,null,S ,2020-10-28
PROD-0351,Macaco Hidraulico 2T,Automotivo,427.00,Automotivo Import,6.9,381,null,1,2025-03-29
PROD-0352,Limpador de Para-brisa Par,Autom,148.00,Peças & Cia Distribuidora,2.36,0,null,SIM,2024-11-27
PROD-0353,Fluido de Freio 500ml,aut,75.00,AutoPeças Brasil Ltda,6.03,21,null,S ,2022-08-05
PROD-0354,Fluido de Arrefecimento 1L,Automotivo,47.00,AutoPeças Brasil Ltda,0.32,0,null,S ,2025-04-05
PROD-0355,Cera Automotiva 500g,Automotivo,62.00,Peças & Cia Distribuidora,null,497,null,0,2024-02-14
PROD-0356,Shampoo Automotivo 1L,null,51.00,AutoPeças Brasil Ltda,13.82,1,null,sim,2022-06-19
PROD-0357,Pretinho para Pneu,Automotivo,59.00,Automotivo Import,11.11,349,null,S ,2018-08-02
PROD-0358,Flanela Automotiva Kit 5,Automotivo,73.00,Peças & Cia Distribuidora,16.59,437,null,NAO,2025-10-12
PROD-0359,Suporte para Bicicleta Veicular,Automotivo,215.00,Automotivo Import,null,17,null,1,2019-12-28
PROD-0360,Rack de Teto Universal,Automotivo,318.00,AutoPeças Brasil Ltda,22.64,137,null, N,2024-03-31
PROD-0361,Forro de Cacamba,Automotivo,471.00,AutoPeças Brasil Ltda,null,335,null,S ,2025-12-17
PROD-0362,Buzina Automotiva,Automotivo,-100,AutoPeças Brasil Ltda,5.61,28,null,nao,2021-03-31
PROD-0363,Kit Primeiros Socorros Veicular,Automotivo,40.00,Peças & Cia Distribuidora,7.24,33,null, N,2023-01-08
PROD-0364,Desembacador de Para-brisa,Automotivo,47.00,Peças & Cia Distribuidora,0.65,160,null,N,2019-04-11
PROD-0365,Polidor Automotivo 500g,Automotivo,74.00,Peças & Cia Distribuidora,4.76,341,null,SIM,2024-09-14
PROD-0366,Selante de Pneu,Automotivo,46.00,AutoPeças Brasil Ltda,9.6,432,null,sim,2019-11-11
PROD-0367,Filtro de Ar Veicular,Automotivo,92.00,AutoPeças Brasil Ltda,6.67,153,null,1,2023-08-05
PROD-0368,Vela de Ignicao Kit 4,Automotivo,"65,00",AutoPeças Brasil Ltda,4.61,307,null,Sim,2019-12-13
PROD-0369,Correia Dentada Kit,Automotivo,160.00,AutoPeças Brasil Ltda,10.52,null,null,Sim,2025-08-20
PROD-0370,Amortecedor Traseiro Par,Automotivo,"R$ 615,00",AutoPeças Brasil Ltda,16.44,362,null,N,2026-01-22
PROD-0371,Pastilha de Freio Kit,null,208.00,Peças & Cia Distribuidora,21.7,164,null,1,2020-02-03
PROD-0372,Boneca Articulada 30cm,Brinquedo,145.00,Fun Kids Distribuidora,5.72,0,null,SIM,2022-06-27
PROD-0373,Boneca Baby 20cm,Brinquedos,-100,Toy Import Atacado,0.2,104,null,Sim,2019-11-27
PROD-0374,Carrinho de Controle Remoto,Brinquedos,165.00,Brinquedos do Brasil Ltda,6.25,32,null,S,2022-04-21
PROD-0375,Carrinho de Friccao Kit 5,Brinquedos,140.00,Fun Kids Distribuidora,5.75,153,null,Sim,2021-08-14
PROD-0376,Jogo de Tabuleiro Familia,brin,160.00,Brinquedos do Brasil Ltda,1.13,337,null,1,2018-06-22
PROD-0377,Jogo de Cartas UNO,Brinquedos, 71.00,Toy Import Atacado,2.9,84,null,0,2019-12-30
PROD-0378,Xadrez Magnetico,Brinquedos,128.00,Brinquedos do Brasil Ltda,5.27,282,null,N,2023-10-25
PROD-0379,Quebra-cabeca 1000 Pecas,Brinquedos,53.00,Brinquedos do Brasil Ltda,7.88,462,null,NAO,2024-12-09
PROD-0380,Quebra-cabeca 500 Pecas,Brinq,73.00,Fun Kids Distribuidora,1.97,291,null,sim,2020-06-05
PROD-0381,Quebra-cabeca 3D,Brinquedos,154.00,Fun Kids Distribuidora,0.68,117,null,0,2023-09-27
PROD-0382,Blocos de Montar 200 Pecas,Brinquedos,-100,Brinquedos do Brasil Ltda,5.35,486,null,N,2025-07-11
PROD-0383,Blocos de Montar 500 Pecas,Brinquedos,457.00,Brinquedos do Brasil Ltda,3.3,145,null,1,2023-07-13
PROD-0384,Pelucia 40cm,brin,183.00,Brinquedos do Brasil Ltda,7.84,416,null,S,2025-07-17
PROD-0385,Pelucia 60cm,Brinquedos,291.00,Brinquedos do Brasil Ltda,4.19,87,null,Sim,2024-06-06
PROD-0386,Pelucia Gigante 80cm,Brinquedos,165.00,Toy Import Atacado,2.11,114,null,sim,2026-03-06
PROD-0387,Kit Massinha de Modelar,Brinquedos,81.00,Brinquedos do Brasil Ltda,1.25,72,null,1,2025-12-30
PROD-0388,Pista de Corrida Eletrica,Brinquedos,546.00,Brinquedos do Brasil Ltda,4.35,75,null,1,2018-09-01
PROD-0389,Robo Interativo,Brinquedos,null,Fun Kids Distribuidora,1.03,3,null,1,2025-09-22
PROD-0390,Robo Programavel,Brinquedos,490.00,Fun Kids Distribuidora,1.63,270,null,NAO,2019-04-30
PROD-0391,Patinete Infantil,Brinquedos,334.00,Brinquedos do Brasil Ltda,3.52,426,null,sim,2022-01-20
PROD-0392,Bicicleta Infantil Aro 16,Brinquedos,366.00,Fun Kids Distribuidora,5.12,427,null,NAO,2021-05-07
PROD-0393,Bicicleta Infantil Aro 12,Brinquedos,201.00,Brinquedos do Brasil Ltda,2.99,null,null,1,2023-04-09
PROD-0394,Escorregador Infantil,Brinquedos,203.00,Fun Kids Distribuidora,1.02,254,null,SIM,2022-03-19
PROD-0395,Balanco Infantil,Brinquedos,261.00,Brinquedos do Brasil Ltda,0.56,476,null,0,2025-02-14
PROD-0396,Jogo de Memoria,Brinquedos,80.00,Toy Import Atacado,2.82,336,null,NAO,2025-02-14
PROD-0397,Domino Infantil,Brinquedo,null,Toy Import Atacado,5.77,376,null,0,2021-02-02
PROD-0398,Kit Panelinhas Infantil,Brinq,null,Brinquedos do Brasil Ltda,6.49,265,null,1,2025-09-08
PROD-0399,Fantasia Infantil,Brinq,122.00,Fun Kids Distribuidora,7.45,304,null,S ,2022-06-09
PROD-0400,Telescopio Infantil,brin,"R$ 204,00",Toy Import Atacado,5.61,69,null,Nao,2023-05-16
PROD-0401,Microscopio Infantil,Brinquedos,359.00,Toy Import Atacado,5.5,384,null,Nao,2018-01-09
PROD-0402,Drone Infantil,brinquedos,213.00,Brinquedos do Brasil Ltda,0.35,261,null,1,2019-09-15
PROD-0403,Kit Experimentos Cientificos,Brinquedos,132.00,Brinquedos do Brasil Ltda,5.52,156,null,S ,2018-04-21
PROD-0404,Piscina de Bolinhas,Brinquedos,154.00,Brinquedos do Brasil Ltda,3.31,0,null,S ,2018-07-28
PROD-0405,Gangorra Infantil,Brinquedos,178.00,Brinquedos do Brasil Ltda,5.06,365,null,Sim,2019-04-12
PROD-0406,Cama Elastica Infantil,Brinquedos,205.00,Toy Import Atacado,3.81,107,null,S ,2021-07-19
PROD-0407,Lancador de Dardos,Brinquedos,66.00,Brinquedos do Brasil Ltda,6.02,359,null,Sim,2020-12-29
PROD-0408,Pistola de Bolhas,Brinquedos,46.00,Brinquedos do Brasil Ltda,3.91,73,null,1,2018-04-24
PROD-0409,Kit de Pintura Infantil,Brinquedos,"R$ 165,00",Fun Kids Distribuidora,4.24,32,null,1,2023-06-07
PROD-0410,Lousa Magnetica,Brinquedos,185.00,Brinquedos do Brasil Ltda,4.61,245,null,Sim,2020-01-30
PROD-0411,Teclado Musical Infantil,Brinq,84.00,Fun Kids Distribuidora,7.49,417,null,NAO,2019-05-14
PROD-0412,Violao Infantil,Brinquedos,107.00,Toy Import Atacado,7.48,351,null,Nao,2024-07-14
PROD-0413,Bateria Musical Infantil,Brinq,456.00,Brinquedos do Brasil Ltda,4.15,44,null,nao,2024-05-18
PROD-0414,Microfone Infantil,Brinquedos,"R$ 60,00",Brinquedos do Brasil Ltda,3.86,115,null,sim,2023-12-24
PROD-0415,Kit Medico Infantil,Brinquedos,112.00,Fun Kids Distribuidora,7.87,327,null,SIM,2024-06-17
PROD-0416,Kit Ferramentas Infantil,Brinquedos,63.00,Brinquedos do Brasil Ltda,1.92,457,null,SIM,2020-10-09
PROD-0417,Pula Corda Infantil,Brinquedos, 27.00,Brinquedos do Brasil Ltda,2.24,430,null,Sim,2024-04-04
PROD-0418,Bamboleo,BR1NQUEDOS,-100,Brinquedos do Brasil Ltda,1.55,104,null,nao,2022-03-31
PROD-0419,Casinha de Bonecas,Brinquedos,371.00,Brinquedos do Brasil Ltda,3.71,327,null,Sim,2023-01-08
PROD-0420,Caminhao de Brinquedo,Brinquedo,98.00,Brinquedos do Brasil Ltda,4.2,null,null, N,2024-02-19
PROD-0421,Moto de Brinquedo,Brinquedos,83.00,Brinquedos do Brasil Ltda,7.33,330,null,0,2023-02-09
PROD-0422,Boneco de Acao,Brinquedos,193.00,Toy Import Atacado,1.03,94,null,sim,2025-03-19
PROD-0423,Kit Magica Infantil,Brinquedos,"95,00",Brinquedos do Brasil Ltda,6.22,218,null,S ,2021-08-07
PROD-0424,Bolinha de Gude Kit,Brinquedos,31.00,Brinquedos do Brasil Ltda,4.03,278,null,sim,2023-07-08
PROD-0425,Pipa Infantil,Brinquedos,0,Brinquedos do Brasil Ltda,2.06,134,null,S,2024-09-03
PROD-0426,Carrinho de Bebe de Boneca,Brinquedos,149.00,Brinquedos do Brasil Ltda,5.62,169,null,Sim,2020-04-27
PROD-0427,Cozinha Infantil,Brinquedos,256.00,Brinquedos do Brasil Ltda,1.96,172,null,0,2019-05-05
PROD-0428,Cavalinho de Balanco,Brinquedos,196.00,Brinquedos do Brasil Ltda,3.6,353,null,1,2021-08-06
PROD-0429,Tapete de Atividades,Brinquedos,"132,00",Brinquedos do Brasil Ltda,3.02,169,null,S ,2019-05-26
PROD-0430,Gym para Bebe,Brinquedos, 239.00,Brinquedos do Brasil Ltda,1.73,258,null,sim,2020-03-27
PROD-0431,Mordedor Infantil Kit,Brinquedos,25.00,Brinquedos do Brasil Ltda,0.47,334,null,Sim,2025-04-26
PROD-0432,Chocalho Kit,Brinquedos,31.00,Brinquedos do Brasil Ltda,5.75,0,null,S ,2019-11-11
PROD-0433,Sofa 3 Lugares,Moveis,0,MoveisPlus Distribuidora,20.67,98,null,Sim,2021-02-10
PROD-0434,Sofa 2 Lugares,Moveis,703.00,Interiores Import Ltda,60.88,233,null,1,2022-08-06
PROD-0435,Sofa Retratil 3 Lugares,Moveis,1253.00,MoveisPlus Distribuidora,61.4,155,null,SIM,2023-06-09
PROD-0436,Sofa Cama,Moveis,1890.00,MoveisPlus Distribuidora,8,493,null,SIM,2025-03-14
PROD-0437,Poltrona Reclinavel,Moveis,1520.00,MoveisPlus Distribuidora,9.12,133,null,S ,2022-10-14
PROD-0438,Mesa de Jantar 6 Cadeiras,Moveis,-100,MoveisPlus Distribuidora,73.85,192,null,1,2026-03-08
PROD-0439,Mesa de Jantar 4 Cadeiras,moveis,1086.00,MoveisPlus Distribuidora,8.38,308,null,S ,2025-02-08
PROD-0440,Mesa de Jantar 8 Cadeiras,Moveis,4168.00,MoveisPlus Distribuidora,15.05,380,null,Sim,2024-10-17
PROD-0441,Cadeira de Escritorio Ergonomica,mov,820.00,MoveisPlus Distribuidora,7.33,191,null,N,2026-01-25
PROD-0442,Cadeira de Escritorio Basica,Moveis,538.00,Decor Brasil Atacado,null,82,null,NAO,2024-07-05
PROD-0443,Cadeira Gamer,Moveis,-100,Interiores Import Ltda,40.25,308,null,SIM,2025-06-28
PROD-0444,Estante de Livros 5 Prateleiras,Moveis,655.00,MoveisPlus Distribuidora,19.7,null,null,NAO,2021-08-20
PROD-0445,Estante de Livros 3 Prateleiras,Moveis,513.00,Decor Brasil Atacado,49.55,400,null,Nao,2025-01-09
PROD-0446,Guarda-roupa 6 Portas,Moveis,3175.00,Decor Brasil Atacado,52.48,57,null,S,2019-07-05
PROD-0447,Guarda-roupa 4 Portas,Moveis,null,MoveisPlus Distribuidora,78.95,356,null,S,2019-08-10
PROD-0448,Guarda-roupa 2 Portas,Moveis,"R$ 1228,00",Decor Brasil Atacado,44.9,252,null,S ,2020-01-03
PROD-0449,Cama Casal com Cabeceira,Moveis,1070.00,Decor Brasil Atacado,14.6,66,null,S,2021-03-18
PROD-0450,Cama Solteiro com Cabeceira,Moveis, 835.00,Interiores Import Ltda,13.78,470,null,sim,2018-04-30
PROD-0451,Cama Box Casal,Moveis,0,Decor Brasil Atacado,56.75,170,null,1,2020-12-31
PROD-0452,Cama Box Solteiro,Moveis,703.00,Interiores Import Ltda,59.6,null,null,1,2023-01-02
PROD-0453,Escrivaninha com Gavetas,Moveis,541.00,MoveisPlus Distribuidora,7.1,238,null,1,2024-09-28
PROD-0454,Escrivaninha Simples,Moveis,290.00,MoveisPlus Distribuidora,null,234,null,SIM,2019-06-06
PROD-0455,Mesa de Centro,null,649.00,MoveisPlus Distribuidora,66.57,292,null,Sim,2020-08-07
PROD-0456,Mesa de Canto,null,"506,00",Decor Brasil Atacado,6.05,4,null,S,2022-03-22
PROD-0457,Rack para TV,Moveis,1047.00,Decor Brasil Atacado,53.9,54,null,SIM,2024-04-04
PROD-0458,Painel para TV,Moveis,591.00,Interiores Import Ltda,27.35,12,null,1,2018-10-22
PROD-0459,Painel com Lareira,Moveis,-100,Decor Brasil Atacado,44.6,106,null,Sim,2023-02-24
PROD-0460,Penteadeira com Espelho,Moveis,806.00,MoveisPlus Distribuidora,null,149,null,1,2025-06-18
PROD-0461,Cabeceira Casal,Moveis,291.00,Decor Brasil Atacado,36.42,46,null,sim,2025-04-28
PROD-0462,Cabeceira Solteiro,Moveis,505.00,MoveisPlus Distribuidora,73.62,459,null,sim,2022-05-14
PROD-0463,Poltrona Decorativa,mov,1491.00,Decor Brasil Atacado,31.62,211,null,Nao,2022-02-22
PROD-0464,Berco Americano,Moveis,0,Interiores Import Ltda,73.92,261,null,sim,2020-12-20
PROD-0465,Berco Multifuncional,Moveis,1927.00,MoveisPlus Distribuidora,null,422,null,S ,2024-11-27
PROD-0466,Mesa Lateral,Moveis,274.00,MoveisPlus Distribuidora,11.15,340,null,0,2025-06-21
PROD-0467,Criado Mudo,Moveis,464.00,MoveisPlus Distribuidora,17.6,481,null,S,2024-11-09
PROD-0468,Comoda 5 Gavetas,Moveis,462.00,Decor Brasil Atacado,5.53,58,null,S ,2022-09-02
PROD-0469,Comoda 3 Gavetas,Moveis,null,MoveisPlus Distribuidora,23.07,299,null,sim,2026-03-05
PROD-0470,Armario de Cozinha 6 Portas,Moveis,null,Decor Brasil Atacado,24.95,0,null,Sim,2021-05-19
PROD-0471,Balcao de Cozinha,Moveis,"1485,00",Decor Brasil Atacado,78.72,263,null,S ,2020-05-22
PROD-0472,Prateleira Flutuante Kit 3,MOVEIS,460.00,MoveisPlus Distribuidora,8.68,103,null,S,2019-12-21
PROD-0473,Sapateira com Tampa,Moveis,449.00,MoveisPlus Distribuidora,45.65,388,null,Sim,2024-03-16
PROD-0474,Cabideiro de Parede,Moveis,113.00,Decor Brasil Atacado,11.97,391,null,S,2021-04-26
PROD-0475,Cadeira de Balanco,Moveis,"632,00",MoveisPlus Distribuidora,6.42,399,null,S,2019-05-05
PROD-0476,Cadeira de Jardim,Moveis,397.00,MoveisPlus Distribuidora,null,50,null,S ,2019-08-07
PROD-0477,Mesa de Jardim,M0VEIS,651.00,Interiores Import Ltda,65.68,null,null,S,2024-05-28
PROD-0478,Rede de Descanso,MOVEIS,null,Interiores Import Ltda,9.72,12,null, N,2019-09-27
PROD-0479,Cadeira Alta para Bebe,Moveis,620.00,MoveisPlus Distribuidora,37.92,394,null,S,2023-03-07
PROD-0480,Mesa de Cabeceira,M0VEIS,-100,MoveisPlus Distribuidora,49.77,285,null,nao,2022-12-28
PROD-0481,Aparador de Sala,Moveis,339.00,MoveisPlus Distribuidora,16.4,406,null,S ,2021-01-14
PROD-0482,Cristaleira 3 Portas,Moveis,1080.00,MoveisPlus Distribuidora,44.08,245,null,S ,2025-10-22
PROD-0483,Estante Gamer,Moveis,1148.00,MoveisPlus Distribuidora,64.93,125,null,1,2020-04-18
PROD-0484,Bancada de Trabalho,Moveis, 643.00,MoveisPlus Distribuidora,54.35,54,null, N,2023-08-02
PROD-0485,Armario de Ferramentas,Moveis,828.00,Decor Brasil Atacado,40.7,368,null,S,2025-02-06
PROD-0486,Gaveteiro com Rodas,Moveis,739.00,MoveisPlus Distribuidora,41.98,311,null,S ,2022-06-22
PROD-0487,Nicho Decorativo Kit 3,Moveis,"177,00",MoveisPlus Distribuidora,5.45,3,null,1,2020-04-19
PROD-0488,Mesa Dobravek,Moveis,310.00,MoveisPlus Distribuidora,41.38,53,null,Nao,2024-05-11
PROD-0489,Cadeira Dobravek,Moveis,298.00,Decor Brasil Atacado,41.9,386,null,SIM,2023-04-11
PROD-0490,Banqueta Bar Alta,Moveis,429.00,MoveisPlus Distribuidora,52.1,44,null,sim,2025-05-25
PROD-0491,Banco de Madeira,Móveis,303.00,Interiores Import Ltda,70.92,221,null,SIM,2024-07-16
PROD-0492,Mesa de Canto Redonda,M0VEIS,246.00,Interiores Import Ltda,33.35,307,null,N,2021-06-27
PROD-0493,Sofa Modular,Moveis,4560.00,MoveisPlus Distribuidora,59.38,207,null, N,2020-02-10
PROD-0494,Aspirador de Pó Sem Fio,null,451.00,Decor Import,null,34,null,1,2021-09-06
PROD-0495,Cama de Casal Queen Size,Moveis,3690.00,MoveisPlus Distribuidora,59.9,241,null,SIM,2025-05-03
PROD-0496,Kit Churrasco 10 Pecas,Casa,"109,00",Casa & Cia Distribuidora,1.07,331,null,Sim,2025-09-12
PROD-0497,Smartphone Pro Max 512GB,Eletronicos,"3614,00",Shenzhen Connect Brasil,0.77,446,null,sim,2021-04-10
PROD-0498,Mochila de Hidratacao,esport,300.00,Atlética Import Ltda,6.08,109,null,S ,2020-04-09
PROD-0499,Perfume Importado 200ml,Beleza,220.00,Beleza Total Atacado,1.24,106,null,S,2022-06-10
PROD-0500,Suporte Veicular Magnetico,Automotivo,90.00,Automotivo Import,15.87,435,null,Nao,2024-05-28
PROD-0501,Boneca de Pano 35cm,Brinquedos,64.00,Fun Kids Distribuidora,0.93,404,null,S ,2025-09-13
PROD-0502,Mesa Escritorio em L,moveis,728.00,MoveisPlus Distribuidora,17.15,51,null,1,2025-09-05
PROD-0503,Tablet Infantil 7 Polegadas,Eletronico,676.00,Shenzhen Connect Brasil,null,28,null,1,2022-04-06
PROD-0504,Vestido de Festa Longo,Vestuario,0,Moda Brasil Atacado,1.71,176,null,SIM,2025-06-26
PROD-0505,Kit Churrasco Eletrico,Casa,0,Casa & Cia Distribuidora,7.57,368,null,1,2022-03-22
PROD-0506,Sapatilha Feminina,Vestuario,137.00,Fashion Import Ltda,1.85,470,null,Sim,2021-07-30
PROD-0507,Câmera de Acao 4K,Eletronicos,1400.00,TechBrasil Distribuidora,3.11,298,null,SIM,2020-06-17
PROD-0508,Kit Yoga Completo,Esportes,184.00,Esporte Total Ltda,6.28,274,null,nao,2019-09-08
PROD-0509,Creme Corporal Premium,Beleza,101.00,Perfumes & Cia,0.29,167,null,nao,2022-03-11
PROD-0510,Suporte para Moto,Automotivo,107.00,Automotivo Import,2.61,241,null,Sim,2022-02-14
PROD-0511,Fantoche Kit 6 Personagens,Brinquedos, 163.00,Fun Kids Distribuidora,1.95,128,null,1,2018-08-18
PROD-0512,Rack Suspenso para TV,Moveis,622.00,MoveisPlus Distribuidora,69.5,87,null,N,2025-08-29
PROD-0513,Smart TV 65 Polegadas,Eletronicos,-100,Global Electronics Ltda,4.36,0,null,SIM,2025-04-22
PROD-0514,Conjunto Esportivo Feminino,vest,-100,Fashion Import Ltda,1.09,233,null,nao,2025-11-25
PROD-0515,Difusor de Aromas,Casa,166.00,Utilidades do Lar Ltda,8.25,339,null,nao,2020-06-09
PROD-0516,Velocipede Infantil,Brinquedos,236.00,Brinquedos do Brasil Ltda,7.44,70,null,1,2020-02-15
PROD-0517,Monitor Gamer 144Hz,Eletronicos,1233.00,Global Electronics Ltda,3.66,0,null,S,2025-11-11
